{"loss": [1.361318826675415, 0.4676952362060547, 0.28009462356567383, 0.1974087953567505, 0.14305047690868378, 0.11249728500843048, 0.0895533487200737, 0.07704377174377441, 0.06685178726911545, 0.060479067265987396], "accuracy": [0.599601686000824, 0.8517533540725708, 0.9097944498062134, 0.9354292750358582, 0.9535102248191833, 0.9631552696228027, 0.9707944989204407, 0.9749484062194824, 0.9788036346435547, 0.980553388595581], "val_loss": [0.5444076657295227, 0.3367789089679718, 0.2584076523780823, 0.235862597823143, 0.17100857198238373, 0.17833274602890015, 0.15083293616771698, 0.1895950436592102, 0.13478130102157593, 0.10307219624519348], "val_accuracy": [0.8260300755500793, 0.8911905288696289, 0.9178807139396667, 0.9269860982894897, 0.9453107118606567, 0.9445139765739441, 0.9554973840713501, 0.9417823553085327, 0.957773745059967, 0.9696676731109619]}